variable,description,type,unit
Year,Census/reference period,numeric,year
Sex,Census-defined sex category,string,category
Source (x),Source/place of last residence,numeric,state/UT
Destination (y),Destination/place of enumeration,numeric,state/UT
Migrants,Number of migrants for source-destination-sex-duration combination,numeric,persons
Distance,Distance between source and destination centroids,numeric,km
Total_Male_x,Male population of source state/UT,numeric,persons
Total_Female_x,Female population of source state/UT,numeric,persons
Rural_Male_x,Male population of rural regions of source state/UT,numeric,persons
Rural_Female_x,Female population of rural regions of source state/UT,numeric,persons
Rural_Density_x,Population density of rural regions of source state/UT,numeric,persons per square kilometer
Urban_Density_x,Population density of urban regions of source state/UT,numeric,persons per square kilometer
Male Job-Seekers Registered with Employment Exchanges_x,Number of registered males who are seeking employment in the source state/UT,numeric,persons (in lakh)
Female Job-Seekers Registered with Employment Exchanges_x,Number of registered females who are seeking employment in the source state/UT,numeric,persons (in lakh)
Primary SC_x,Number of Scheduled caste students at Primary schools in source state/UT,numeric,persons (in lakh)
Primary ST_x,Number of Scheduled tribe students at Primary schools in source state/UT,numeric,persons (in lakh)
Middle SC_x,Number of Scheduled caste students at Mid-level schools in source state/UT,numeric,persons (in lakh)
Middle ST_x,Number of Scheduled tribe students at Mid-level schools in source state/UT,numeric,persons (in lakh)
Population density_x,Population density of the source state/UT,numeric,persons per square kilometer
Urban Population_x,Urban population count of the source state/UT,numeric,persons (in lakh)
Population below  poverty line Percentage URP_x,Population living below poverty line in source state/UT counted as per the Uniform Reference Period,numeric,Percentage
Population below  poverty line Percentage MRP_x,Population living below poverty line  in source state/UT counted as per the Mixed Reference Period,numeric,Percentage
CPR_x,Couple Protection Rates in source state/UT ,numeric,percentage
Total Employed (lakhs)_x,Total number of people employed in state/UT,numeric,persons (in lakh)
% of women employment to total employme nt_x,Percentage of women employed in source state/UT ,numeric,percent
Girls marriage below 18 (%)_x,Percentage of girls married below age 18 in source state/UT ,numeric,percent
Total_Male_y,Male population of destination state/UT,numeric,persons
Total_Female_y,Female population of destination state/UT,numeric,persons
Rural_Male_y,Male population of rural regions of destination state/UT,numeric,persons
Rural_Female_y,Female population of rural regions of destination state/UT,numeric,persons
Rural_Density_y,Population density of rural regions of destination state/UT,numeric,persons per square kilometer
Urban_Density_y,Population density of urban regions of destination state/UT,numeric,persons per square kilometer
Male Job-Seekers Registered with Employment Exchanges_y,Number of registered males who are seeking employment in the destination state/UT,numeric,persons (in lakh)
Female Job-Seekers Registered with Employment Exchanges_y,Number of registered females who are seeking employment in the destination state/UT,numeric,persons (in lakh)
Primary SC_y,Number of Scheduled caste students at Primary schools in destination state/UT,numeric,persons (in lakh)
Primary ST_y,Number of Scheduled tribe students at Primary schools in destination state/UT,numeric,persons (in lakh)
Middle SC_y,Number of Scheduled caste students at Mid-level schools in destination state/UT,numeric,persons (in lakh)
Middle ST_y,Number of Scheduled tribe students at Mid-level schools in destination state/UT,numeric,persons (in lakh)
Population density_y,Population density of the destination state/UT,numeric,persons per square kilometer
Urban Population_y,Urban population count of the destination state/UT,numeric,persons (in lakh)
Population below  poverty line Percentage URP_y,Population living below poverty line in destination state/UT counted as per the Uniform Reference Period,numeric,Percentage
Population below  poverty line Percentage MRP_y,Population living below poverty line  in destination state/UT counted as per the Mixed Reference Period,numeric,Percentage
CPR_y,Couple Protection Rates in destination state/UT ,numeric,percentage
Total Employed (lakhs)_y,Total number of people employed in destination state/UT,numeric,persons (in lakh)
% of women employment to total employme nt_y,Percentage of women employed in destination state/UT ,numeric,percent
Girls marriage below 18 (%)_y,Percentage of girls married below age 18 in destination state/UT ,numeric,percent